id;humidity;soil_moisture;light;name
1;Forward Granite Trail;global;synthesize Wisconsin;infrastructures
2;Democratic Associate channels;Interface SCSI;Dynamic;multi-byte firewall
3;Loan circuit;connect Lats;payment;Pennsylvania synthesize azure
4;Flats deposit Checking;Games programming Rustic;white Loan maroon;enterprise
5;blue;Causeway;Implemented ivory Designer;Communications
6;program executive;haptic Awesome Baht;deposit Cambridgeshire;alarm users indexing
7;capability Walks Loan;lavender niches;Oregon Interactions visualize;Harbors
8;Syrian;back-end cross-platform HTTP;Facilitator Officer;Account
9;hack;circuit backing program;quantify Factors;Refined
10;Lead;index Peso groupware;Auto Account;calculating Fresh
